Max. Equipment Designation,Best glide ratio,Cruising altitude,Fuel with max payload,"Ground clearance, fuselage","Height, alternate configuration","Height, fuselage","Height, overall",Landing run,"Length, alternate configuration","Length, fuselage",Max certified altitude,Max fuel weight,Max launch weight,Propeller diameter,T-O run,T-O speed,Tailplane span,Weapons bay volume,"Weight empty, equipped","Width, fuselage","Width, overall",Wing aspect ratio,g limits,Absolute ceiling [m],Service ceiling [m],Operating altitude [m],Cruising speed [m/s],Loitering speed [m/s],Max level speed [m/s],Max operating speed [m/s],Never-exceed speed [m/s],Stalling speed [m/s],Rate of climb [m/s],Endurance [h],Gross wing area [m2],Max T-O weight [kg],Max payload [kg],"Operating weight, empty [kg]",Payload with max fuel [kg],Weight empty [kg],"Length, overall [m]",Wing span [m],Radius of operation [km],Range [km]
421-16E5 HD,,,,,,,,,,,,,,,,,,,,,,,,,5000,5000,,,30.87,,,,,6.0,,29.5,5.0,,,,,5.3,150.0,
A-3 Remez,,,,,,,,,,,,1.5 kg (3 lb 5 oz) 1.5 kg (3 lb 5 oz),,,,,,,,,,8.3 8.3,,,,,16.1,,29.17,,,,,2.0,,10.0,3.0,,,,0.78,2.0,5.0,
A1-S,,,,,,,,,,,,,,,,,,,,,,,,,2500,80,18.06,,27.78,,,,,3.0,,5.5,,,,,0.9,2.0,,50.0
A1-SM,,,,,,,,,,,,,,,,,,,,,,,,,2500,80,18.06,,27.78,,,,,3.0,,5.5,,,,,0.9,2.0,,50.0
ACS-3,,,,,,,320 mm (1 ft 1/2 in) 320 mm (1 ft 1/2 in),,,,,,,,,,,,,,,,,4500,3500,,30.56,,38.89,,,22.22,,18.0,,20.0,7.0,,,11.0,1.83,2.96,100.0,2500.0
ALBA,,"1,500 m (4,920 ft) 1,500 m (4,920 ft)",,,,,,,,,,,,,,,,,12 kg (26 lb) 12 kg (26 lb),,,,,,,,,39.1,,,83.34,27.78,,1.0,,25.0,3.0,,,,1.8,2.23,60.0,
ALBA Plus,,"1,500 m (4,920 ft) 1,500 m (4,920 ft)",,,,,,,,,,,,,,,,,,,,,,,,,,,,,75.47,,,1.5,,30.0,5.0,,,,1.8,2.23,60.0,
ALIACA ER,,,,,,,,,,,,,,,,,,,,,,,,,3000,150,18.01,,,,,,,6.0,,16.0,1.1,,,,2.2,3.6,,100.0
ALIACA EVO,,,,,,,,,,,,,,,,,,,,,,,,,3000,150,18.01,,,,,,,3.0,,12.0,1.1,,,,1.85,3.0,,50.0
ALTIUS-600,,,,,,,,,,,,,,,,,,,,,150 mm (6 in) 150 mm (6 in),,,,,,30.87,,,,,,,4.0,,12.25,3.2,,,,1.02,2.54,,440.0
AQUILA,,,,,,,860 mm (2 ft 9 3/4 in),,,,,,,,,,,,,,,,,,,4500,20.99,,,29.99,,,,2.0,,12.0,,,,8.5,1.4,2.6,,
AR1 Blue Ray,,,,,,,,,,,,,,,,,,,,,,,,,,,15.28,,22.22,,,,,2.0,,5.0,1.5,,,,1.4,1.8,,20.0
AR3,,,,,,,,,,,,,,,,,,,,,,,,,3600,,23.61,,38.89,,,,,16.0,,25.0,4.0,,,14.0,1.9,3.5,,100.0
AR3 Net Ray,,,,,,,,,,,,,,,,,,,,,,,,,4000,,20.83,,33.34,,,15.28,,10.0,,18.0,8.0,,,12.0,1.45,3.2,,
AR3 VTOL,,,,,,,,,,,,,,,,,,,,,,,,,,,25.21,,,,,,,8.0,,25.0,,,,,,,,
ASF 50,,,,,,,,,,,,,,,,,,,,,,,,,5000,,22.22,,36.11,,,,,15.0,,25.0,7.0,,,,,3.9,,50.0
AT-04ap,,,7 kg (15 lb),,,,,,,,,,,,,,,,,,,,,,,2000,,,67.91,,,,,2.0,,16.5,4.0,,,8.9,1.67,2.0,,50.0
AT-04rc,,,7 kg (15 lb),,,,,,,,,,,,,,,,,,,,,,,2000,,,67.91,,,,,2.0,,16.5,4.0,,,8.9,1.67,2.0,,3.7
ATT-01,,,,,,,,50 m (164 ft),,,,,,,30 m (98.4 ft) (prepared terrain) 50 m (164 ft) (unprepared terrain),,,,,,,,+ 2.8 g,,1000,,27.78,,33.34,,,,,0.5,,20.0,5.0,,,,2.2,3.2,2.59,10.0
Ababeel,,,,,,,200 mm (7 3/4 in) 200 mm (7 3/4 in) 200 mm (7 3/4 in) 200 mm (7 3/4 in),,,,,,,280 mm (11 in) 280 mm (11 in),,,600 mm (1 ft 11 1/2 in) 600 mm (1 ft 11 1/2 in) 600 mm (1 ft 11 1/2 in) 600 mm (1 ft 11 1/2 in),,,,,,,,,,,,48.61,,,,,0.25,,28.0,,,,,1.41,1.6,,1.5
Ababeel-III,,,,,,,,,,,,,,,,,,,,,,,,,,,,,70.99,,,,,1.5,,28.0,,,,,2.03,2.54,,50.0
Baykar Bayraktar Mini UAV,,,,,,,200 mm (7 3/4 in) 200 mm (7 3/4 in),,,,"4,000 m (13,125 ft)",,,,,,,,,,,,,,,610,15.43,,20.58,,,,,1.0,,5.0,1.0,,,,1.2,2.45,,15.0
Berkut-1E,,,,,,,240 mm (9 1/2 in) 240 mm (9 1/2 in),,,,,,,,,,,,,,,,,,1500,100,15.28,,,,,,,1.17,,6.0,,,,,1.25,2.3,15.0,15.0
Berkut-2E,,,,,,,320 mm (1 ft 1/2 in) 320 mm (1 ft 1/2 in),,,,,,,,,,,,,,,,,,3000,100,22.22,,,30.56,,,,2.0,,10.0,,,,,1.3,2.9,,35.0
Biodrone,,,,,,,,,,,,,,,,,,,,,,,,,1500,100,16.67,9.98,33.34,,,,,1.67,,12.0,1.2,8.5,,,1.8,3.4,10.0,
Bird Eye 650,,,,,,,,,,,,,,,,,,,,,,,,,,457,,20.58,36.01,,,,,4.0,,11.0,1.2,,,,,3.0,50.0,20.0
Bird Eye 650D,,,,,,,,,,,,,,,,,,,,,,,,,4570,,,20.58,41.16,,,,,15.0,,30.0,5.5,,,,,4.0,,150.0
BirdEye 400,,,,,,,,,,,,,,,,,,,,,,,,,,152,,,30.87,,,,,1.5,,5.8,1.2,,,,0.8,2.2,20.0,
Blik-M,,,,,,,,,,,,,,,,,,,,,,,,,,6000,69.45,,138.9,,,,,0.5,,30.0,,,,,3.35,2.47,124.0,
Border Eagle Mk-2,,,,,,,480 mm (1 ft 7 in) 480 mm (1 ft 7 in),,,,,,,,,,,,,,,,,,,,29.43,,44.45,,,,,6.0,,15.0,4.0,,,9.0,1.17,3.1,,
Borey 10,,,,,,,260 mm (10 1/4 in) 260 mm (10 1/4 in),,,,,,,,,,,,,,,,,,3500,600,15.95,,29.84,,,,11.0,4.0,,15.0,2.0,,,,0.76,3.57,250.0,
Borey 20,,,,,,,350 mm (1 ft 1 3/4 in),,,,,,,,,,,,,,,,,,3500,,20.06,,29.84,,,,4.02,5.0,,26.0,4.0,,,8.7,0.88,4.37,400.0,120.0
CH-802,,,,,,,,,,,,,,,,,,,,,,,,,4000,1000,13.89,,25.21,,,,,1.0,,6.5,1.0,,,,1.8,3.0,15.0,68.5
CH-804,,,,,,,,,,,,,,,,,,,,,,,,,4000,1000,25.21,,33.44,,,,,8.0,,22.0,5.0,,,,,,75.9,800.0
CH-804C,,,,,,,,,,,,,,,,,,,,,,,,,4000,,36.01,,,,,,,4.0,,30.0,4.0,,,,,4.25,,100.0
CH-901,,,,,,,600 mm (1 ft 11 1/2 in) 600 mm (1 ft 11 1/2 in) 600 mm (1 ft 11 1/2 in) 600 mm (1 ft 11 1/2 in),,,,,,,,,,,,,,,,,,2000,1500,19.45,,41.67,,,,,1.0,,9.0,2.0,,,,1.2,2.0,15.0,2.0
Cabure III,,,,,,,350 mm (1 ft 1 3/4 in) 350 mm (1 ft 1 3/4 in),,,,,,5.0 kg (11 lb),,,,,,,,,,,,3000,,,,29.17,,33.33,11.39,5.9,1.5,,6.5,1.0,,,,1.2,2.2,,15.0
Casper 250,,,,,,,,,,,,,,,,,,,,,,,,,610,,,,,,,,,1.5,,5.5,,,,,1.7,2.5,10.0,
Ciconia,,,,,,,352 mm (1 ft 1 3/4 in) 352 mm (1 ft 1 3/4 in),,,,,,,,,,,,,,,,,,,1500,16.67,,33.34,,,,,2.5,,6.0,,,,,1.135,1.98,180.0,15.0
Coelum VTOL,,,,,,,,,,,,,,,,,,,,,,,,,,,12.86,,,25.21,,,,1.0,,5.5,,,,,1.16,2.5,,15.0
Coelum X-001,,,,,,,,,,,,,,,,,,,,,,,,,,,12.86,,,25.21,,,,1.0,,5.5,,,,,1.16,2.5,,15.0
Coelum X-002,,,,,,,,,,,,,,,,,,,,,,,,,,,12.86,,,25.21,,,,1.0,,5.5,,,,,1.16,2.5,,15.0
Condor,,,,,,,450 mm (1 ft 5 3/4 in) 450 mm (1 ft 5 3/4 in),,,,,,,,,,,,,,,,,,5180,,14.92,,,23.15,,9.26,,3.0,,11.3,2.26,4.5,,,1.76,3.65,,50.0
CyberBug Grande,,,,,,,,,,,,,,,,,,,,,,,,,3050,122,,,,,,,,0.67,,1.2,,,,,,0.76,,8.1
CyberBug R & D,,,,,,,,,,,,,,,,,,,,,,,,,3050,122,,,,,,,,0.67,,1.2,,,,,,0.76,,5.0
DT26E LiDAR,,,,,,,,,,,,,,,,,,,,,,,,,5000,,16.46,,,,,,,1.83,,17.0,,,,,1.6,3.3,29.6,110.0
DT26E Open Payload,,,,,,,,,,,,,,,,,,,,,,,,,2750,2000,16.46,,,,,,,2.83,,18.5,3.0,,,,1.6,3.3,20.4,29.6
DT26E Surveillance,,,,,,,,,,,,,,,,,,,,,,,,,5000,,15.95,,,,,,,2.83,,15.0,,,,,1.6,3.3,20.4,
DT26E Tactical,,,,,,,,,,,,,,,,,,,,,,,,,3000,2300,15.95,,,,,,,2.83,,15.0,,,,,1.6,3.3,20.4,50.0
DVF 2000 ER,,,,,,,,,,,,,,,,,,,,,,,,,3000,400,24.18,,,,,,,7.0,,23.0,2.0,,,,2.27,3.3,,50.0
DVF 2000 VT/ALIACA,,,,,,,,,,,,,,,,,,,,,,,,,3000,150,18.06,,,,,,,3.0,,12.0,1.1,,,,1.85,3.0,,50.0
Diamond,,,,,,,,,,,,,,,,,,,,,,,,,,,,,109.58,,,,,0.5,,29.0,,,,19.0,3.35,2.47,,
Dragon,,,,,,,300 mm (11 3/4 in) 300 mm (11 3/4 in),,,,,,,,,,,,,,,,,,4000,,23.0,,,33.03,,16.98,,2.0,,14.0,1.5,7.0,,,1.69,3.05,,400.0
EOS,,,,,,,,,,,,,,,,,,,,,,,,,,1500,13.89,,27.78,,,,,2.0,,7.0,,,,,1.6,4.0,,75.0
EOS C VTOL,,,,,,,450 mm (1 ft 5 3/4 in) 450 mm (1 ft 5 3/4 in),,,,,,,,,,,,,,,,,,4500,1500,16.98,,29.84,,,,,3.0,,14.2,1.1,,,,1.8,5.0,191.0,50.0
Eagle Eye 4 Gasoline,,,,,,,800 mm (2 ft 7 1/2 in),,,,,,,,12 m (39.4 ft) (minimum) 80 m (262 ft) (maximum),,,,,,,,,,2000,,24.02,,34.98,,,19.03,,4.0,,30.0,10.0,,10.0,20.0,3.0,4.0,,480.0
Eagle Hero-VTOL Electric,25 (Min) 28 (Max),,,,,,300 mm (11 3/4 in) 300 mm (11 3/4 in),,,,,,,,,,,,,,,,,,4000,,24.02,,34.98,,,13.0,,2.0,,18.0,1.5,,,16.5,1.61,3.5,,180.0
Eagle Plus VTOL,,,,,,,300 mm (11 3/4 in) 300 mm (11 3/4 in),,,,,,,,,,,,,,,,,,4000,,25.98,,,32.98,,19.03,,4.0,,22.0,10.0,,,12.5,1.99,3.5,,400.0
Edomon,,,,,,,,,,,,,,,,,,,,,,,,,3050,,,,,33.34,,,,6.0,,18.0,2.3,,,11.7,1.895,3.0,,100.0
Explorer,,,,,,,800 mm (2 ft 7 1/2 in) 800 mm (2 ft 7 1/2 in),,,,,,,,,,,,,,,,,,,,29.17,,44.45,,,,,4.0,,24.0,8.0,,,9.0,2.75,4.51,,
F-330,,,,,,,900 mm (2 ft 11 1/2 in) 900 mm (2 ft 11 1/2 in) 900 mm (2 ft 11 1/2 in) 900 mm (2 ft 11 1/2 in) 900 mm (2 ft 11 1/2 in) 900 mm (2 ft 11 1/2 in),,,,,,,,,,,,,,,,,,3000,,22.22,,33.34,,,,,8.0,,23.7,8.0,,,,2.27,3.3,,60.0
FT-150 X1,,,,,,,,,,,,,,,,,,,,,,,,,,,26.75,,,,,,,18.0,,20.0,,,,,1.7,3.3,185.0,
Falcon,,,,,,,430 mm (1 ft 5 in) 430 mm (1 ft 5 in),,,,,,,,,,,,,,,,,,3660,4572,13.89,,23.15,,,,,1.0,,5.44,1.13,,,,1.37,2.44,,48.3
Flexrotor,,,,,,,,,,,,,,1.85 m (6 ft 3/4 in) (standard rotor) 2.2 m (7 ft 2 1/2 in) (hot/high/heavy rotor),,,,,,180 mm (7 in),,,,,6500,,23.61,,39.72,,,,1.0,33.0,,25.0,7.7,,,,2.0,3.0,,200.0
FlyEye,,,,,,,,,,,,,,,,,,,,,,,,,3000,1000,,,,33.34,33.33,10.56,,2.5,,12.0,2.0,,,,1.8,3.6,29.6,180.0
FlyEye 3.0,,,,,,,,,,,,,,,,,,,,,,,,,3000,1000,,,,33.34,,10.56,,2.5,,12.0,2.0,,,,1.8,3.6,29.6,180.0
Fulmar X,,,,,,500 mm (1 ft 7 3/4 in) 500 mm (1 ft 7 3/4 in),500 mm (1 ft 7 3/4 in) 500 mm (1 ft 7 3/4 in) 500 mm (1 ft 7 3/4 in) 500 mm (1 ft 7 3/4 in),,,,,,20.0 kg (44 lb) 20.0 kg (44 lb),,,,,,,,,,,,4000,,27.78,,,,,,,8.0,,20.0,4.0,,,,1.2,3.0,,70.0
G1 Guerrero,,,,,,,,120 m (394 ft),,,,,,,120 m (394 ft),,,,,,,,,,3600,1200,,15.28,36.11,,,,,4.0,,30.0,,,,,,2.8,60.0,
GoldenEye 50,,,,,,460 mm (1 ft 6 in),850 mm (2 ft 9 1/2 in) 850 mm (2 ft 9 1/2 in),,,,,,,,,,,,,,,,,,1525,,28.29,,51.44,,,,,1.0,,7.7,,,,,,1.37,50.0,
Gull 24,,,,,,,,,,,,,,,,,,,,,,,,,,,28.29,,42.18,,,,,5.0,,18.0,2.0,,,,2.7,2.4,,
Harpia,,,,,,,440 mm (1 ft 5 1/4 in),,,,,,,,,,,,,,,,,,5000,,13.89,,,41.67,,,,12.0,,23.0,5.0,17.5,,,2.0,4.0,,1200.0
Horus FT-100,,,,,,,,,,,,,,,,,,,,,,,,,,,16.98,,,,,,,1.0,,7.0,3.0,,,,1.9,2.7,9.07,18.5
IA-17,,,,,220 mm (8 3/4 in) (extended gasoline'/'extended electric' configurations) 250 mm (9 3/4 in) (basic' configuration),,,,1.15 m (3 ft 9 1/4 in) (basic' configuration) 1.27 m (4 ft 2 in) (IA-17 Manta 'extended gasoline'/'extended electric' configurations),,,,,,,,,,,,,,,,4500,,,,55.56,,,,,2.5,,7.5,1.0,,,5.0,,1.8,10.0,
K1000ULE,,,,,,,,,,,,,,,,,,,,,,,,,6095,,15.43,,,,,,,24.0,,19.3,2.49,,,,3.0,5.0,,1610.0
Kasper,,,,,,,300 mm (11 3/4 in) 300 mm (11 3/4 in),,,,,,,,,,,,,,,,,,3000,,,,33.34,,,,,2.0,,9.0,1.0,,,,1.0,2.2,25.0,
Leleka-100,,,,,,,352 mm (1 ft 1 3/4 in) 352 mm (1 ft 1 3/4 in),,,,,,,,,,,,,,,,,,,1500,16.67,,33.34,,,,,2.5,,6.0,,,,,1.135,1.98,180.0,15.0
MUAS,,,,,,,,,,,,,,,,,,,,,,,,,5000,,12.5,,30.56,,,,,0.5,,4.5,1.2,,,,1.3,1.8,,5.0
Manta,,,,,,,620 mm (2 ft 1/2 in) 620 mm (2 ft 1/2 in),,,,,,,,,,,13 l (0.46 cu ft),,,,,,,4875,,20.06,,56.59,,,18.01,,6.0,,27.0,6.8,,,,1.9,2.67,27.7,
Micro Falcon LE,,,,,,,,,,,,,,,,,,,,,,,,,4570,,18.01,,33.44,,,,,4.0,,10.0,2.0,,,,,2.0,,40.0
Micro Falcon LP,,,,,,,,,,,,,,,,,,,,,,,,,4570,,18.01,,33.44,,,,,2.0,,6.0,2.0,,,,,1.8,,40.0
Nimble Loong,,,,,,,,,,,,,,,,,,,,,,,,,3000,,41.67,,,,,,,4.0,,30.0,3.0,,,,,3.0,,
Nova F6500,,,,,,,,,,,,,,,,,,,,,,,,,3050,,15.64,,31.28,,,,,1.5,,6.8,,,,,1.7,2.74,,80.4
Orbiter 1,,,,,,,,,,,,,,,,,,,,,,,,,5485,,,,36.01,,,,,,,10.3,1.5,,,,1.0,2.2,,100.0
Orbiter 1K,,,,,,,,,,,,,,,,,,,,,,,,,,,,,,,,,,,,10.3,2.0,,,,1.2,3.0,,100.0
Orbiter 2,,,,,,,,,,,,,,,,,,,,,,,,,,,,,25.72,,,,,,,13.0,1.8,,,,0.9,3.0,,100.0
Orbiter 2B,,,,,,,,,,,,,,,,,,,,,,,,,,,,,25.72,,,,,,,13.0,1.8,,,,0.9,3.0,,100.0
Orbiter 4,,,,,,,,,,,,,,,,,,,,,,,,,5485,,,,36.01,,,,,,,10.3,5.5,,,,1.2,5.0,,100.0
Orlan-10,,,,,,,,,,,,,,,,,,,,,,,,,5000,,25.0,,41.67,,,,,10.0,,14.0,2.5,,,,1.8,3.1,98.2,
Orlan-10E,,,,,,,,,,,,,,,,,,,,,,,,,,5000,,,41.67,,,,,10.0,,18.0,3.0,,,,,,150.0,100.0
P550,,,,,,,600 mm (1 ft 11 1/2 in),,,,,,,,,,,,,,,,,,4267,,,,26.75,,,,,5.0,,24.9,6.8,,,,0.6,1.8,,40.0
Penguin B,,,,163 mm (6 1/2 in),,,900 mm (2 ft 11 1/2 in) 900 mm (2 ft 11 1/2 in),,,,,,,,30 m (98.4 ft),,,,,290 mm (11 1/2 in),,,,,5000,,22.02,,36.01,,,13.02,,20.5,,21.5,10.0,,11.5,11.5,2.27,3.3,,
Penguin B VTOL,,,,,,,840 mm (2 ft 9 in) 840 mm (2 ft 9 in),,,,,,,,,,,,,,,,,,4000,,24.95,,,,,,,8.0,,30.0,7.2,,11.7,17.2,2.43,3.9,,
Penguin BE Electric,,,,,,,900 mm (2 ft 11 1/2 in) 900 mm (2 ft 11 1/2 in),,,,,,,,30 m (98.4 ft),,,,,,,,,,6000,,22.02,,36.01,,,13.0,,1.83,,21.5,6.6,,,14.9,2.27,3.3,,
Penguin C,,,,,,200 mm (7 3/4 in),900 mm (2 ft 11 1/2 in) 900 mm (2 ft 11 1/2 in),,,,,,,,,,,,,290 mm (11 1/2 in),,,,,5000,,22.12,,31.9,,,,,20.0,,23.0,3.2,,,10.0,2.3,3.0,,100.0
Penguin C Mk2,,,,,,200 mm (7 3/4 in),900 mm (2 ft 11 1/2 in) 900 mm (2 ft 11 1/2 in),,,,,,,,,,,,,290 mm (11 1/2 in),,,,,4000,,20.58,,30.87,,,,,25.0,,25.0,,,,10.0,2.3,3.3,,180.0
Phoenix FW120,,,,,,,,,,,,,,,,,,,,,,,,,,2,,,,,,,,1.5,,9.5,1.13,,,,0.23,3.8,,4.82
Pigeon VTOL,,,,,,,,,,,,,,,,,,,,,,,,,,,27.78,,31.95,,,,,2.0,,11.0,1.5,,,,1.15,1.9,,150.0
Puma AE,,,,,,,,,,,,,6.3 kg (14 lb) (Puma II AE),,,,,,,,,,,,3200,152,10.29,,23.15,20.58,,,,2.0,,5.9,,,,,1.4,2.8,,15.0
Punisher,,,,,,,,,,,,,,,,,,,,,,,,,,400,22.12,,,,55.56,,,1.5,,15.0,2.0,,,,,2.28,,44.4
RAM,,,,,,,,,,,,,,,,,,,,,,,,,,,19.45,,41.67,,,,,0.5,,8.0,4.0,,,,1.78,2.3,,30.0
Ranger,,,,,,,300 mm (11 3/4 in),,,,,,,,,,,,,,,,,,3000,,13.89,,,33.03,,11.32,,1.5,,7.0,2.8,,,,1.39,3.0,,400.0
Ranger VTOL,,,,,,,300 mm (11 3/4 in) 300 mm (11 3/4 in),,,1.39 m (4 ft 6 3/4 in),,,,,,,,,,,,,,,4000,,23.0,,,33.03,,16.98,,1.5,,14.0,1.0,,,,1.63,3.0,,400.0
Raybird-3,,,,,,,320 mm (1 ft 1/2 in) 320 mm (1 ft 1/2 in),,,,,,,,,,,,,,,,,4500,3500,,30.56,,38.89,,,22.22,,18.0,,23.0,5.0,,,11.0,1.83,2.96,100.0,2500.0
RemoEye-006,,,,,,,,,,,,,,,,,,,,,,,,,,,,,20.83,,,,,2.0,,6.5,,,,,1.72,2.72,,15.0
RemoEye-006A,,,,,,,,,,,,,,,,,,,,,,,,,,,,,20.83,,,,,2.0,,6.5,,,,,1.72,2.72,,15.0
Rover Mk I,,,,,,,200 mm (7 3/4 in) 200 mm (7 3/4 in),,,,,,,,,,,,,,,,,,,,8.33,,27.78,,,,,0.75,,5.5,1.0,,,3.5,0.9,1.5,,12.0
Rover Mk II XS,,,,,,,300 mm (11 3/4 in),,,,,,,,,,,,,,,,,,,,,,,,,,,0.75,,6.5,1.0,,,,0.16,3.0,,15.0
SAT-i,,,,,,,530 mm (1 ft 8 3/4 in) 530 mm (1 ft 8 3/4 in),,,,,,,,,,,,,,,,,,9000,400,8.08,,13.89,,,,3.0,2.0,,6.3,,,,,3.2,7.3,250.0,
SPEAR,,,,,,,460 mm (1 ft 6 in) (excl propeller) 460 mm (1 ft 6 in) (excl propeller),,,,,,,,,,,,,,3.65 m (11 ft 11 3/4 in),,,,3050,1524,20.58,,25.72,,,10.08,,1.8,,17.24,4.54,,,3.6,1.94,3.66,,
SPECTATOR,,,,,,,,,,,,,,,,,,,,,,,,,2000,,11.11,,33.34,,,,,3.0,,7.0,1.5,,,,1.345,3.02,20.3,30.0
SPECTATOR-M1,,,,,,,,,,,,,,,,,,,,,,,,,2000,,11.11,,33.34,,,,,2.0,,7.0,1.5,,,,1.295,3.02,20.3,30.0
SQA,,,,,,,,,,,,,,,,,,,,,,,,,4000,,17.95,,23.97,,,,,3.0,,9.8,,,,,0.93,2.9,,40.0
STREAM C,,,,,,,,,,,,,,,,,,,,,,,,,3000,,22.22,,41.67,,,,,8.0,,20.0,,,6.0,10.0,2.3,3.9,,100.0
ScanEagle,,,,,,,,,,,,,,,,,,,,,,,,,5945,,30.87,,41.16,41.16,,,,18.0,,26.5,5.0,,,13.1,1.71,3.11,,100.0
ScanEagle 2,,,,,,,,,,,,,,,,,,,,,,,,,5950,,25.72,,41.16,,,,,16.0,,26.5,5.0,,,19.0,1.71,3.11,,
Shahzore,,,,,,,,,,,,,28.0 kg (62 lb),,,,,,,,,,,,,,,,76.14,,,,,1.5,,28.0,,,,,2.54,2.54,2.96,
Silent Falcon,,,,,,,,,,,,,,,,,,,,,,,,,,6095,8.9,10.29,31.12,,,,,3.0,,11.0,,,,,1.9,2.7,,15.0
Skiron-X,,,,,,,,,,,,,,,,,,,,,,,,,,,18.52,,,25.72,,,,0.42,,22.2,1.45,,,,2.2,5.0,,13.0
Skiron-XLE,,,,,,,,,,,,,,,,,,,,,,,,,,,,,,,,,,5.0,,24.5,1.45,,,,2.2,5.0,,75.0
Skylark C,,,,,,,,,,,,,,,,,,,,,3.8 m (12 ft 5 1/2 in) 3.8 m (12 ft 5 1/2 in),,,,4570,,,,,,,,,5.0,,15.0,,,,,,,,40.0
Skylark I-LEX,,,,,,,,,,,,,,,,,,,,,,,,,4570,,,,,,,,,3.0,,7.5,1.2,,,,,3.0,,40.0
Skyzer 450,,,,,,,,,,,,,,,50 m (164 ft),,,,,,,,,,,,22.12,,36.01,,,12.86,,7.0,,21.0,5.0,,,9.0,2.27,3.3,,
Spirit,,,,,,,260 mm (10 1/4 in) 260 mm (10 1/4 in),,,,,,,,,,,,,,,,,,,,8.33,,27.78,,,,,1.0,,5.5,1.0,,,3.0,1.61,2.58,,10.6
SpyLite,,,,,,,,,,,,,,,,,,,,,,,,,9145,1000,,16.67,33.34,,,,,3.0,,9.5,1.5,,,,1.35,2.75,,50.0
Spy’Ranger 330,,,,,,,,,,,,,,,,,,,,,,,,,,1000,18.06,,25.0,,,,,3.0,,15.0,1.2,,,,,3.8,,15.0
Stalker VXE Block 30,,,,,,,,,,,,,20 kg (44 lb) (with fuel cell),,,,,,,,,,,,6,4,15.95,,,,25.72,,,4.0,,21.8,,,,,2.59,4.87,222.0,161.0
Super Bat,,,,,,,700 mm (2 ft 3 1/2 in),,,,,,,,,,,,,,,,,,4570,,18.01,,33.44,,,,,10.0,,21.3,2.3,,,,1.6,2.6,,32.2
Super Salaar,,,,,,,,,,,,,,,,,,,,,,,,,,,,,13.89,,,,,1.5,,8.0,,,,,1.5,2.5,,14.8
Supercam S-300M,,,,,,,,,,,,,,,,,,,,,,,,,6000,5000,18.06,,33.34,,,,,3.5,,10.5,,,,,,3.0,,50.0
Supercam S250,,,,,,,,,,,,,,,,,,,,,,,,,5000,5000,18.01,,33.44,,,,,3.0,,9.5,,,,,,2.5,150.0,25.0
Supercam S350,,,,,,,,,,,,,,,,,,,,,,,,,5000,5000,18.06,,33.34,,,,,4.5,,15.0,2.0,,,,,3.2,240.0,100.0
Supercam S450,,,,,,,,,,,,,,,,,,,,,,,,,5000,3600,18.01,,33.44,,,,,8.0,,29.0,,,,,,4.5,,80.0
Surveyor,,,,,,,440 mm (1 ft 5 1/4 in) 440 mm (1 ft 5 1/4 in),,,,,,,,,,,,,,,,,,,1000,16.46,,27.78,,,,,1.5,,6.0,,,,,0.84,2.44,2.96,
Swan III,,,,,,,360 mm (1 ft 2 1/4 in),,,1.33 m (4 ft 4 1/4 in),,,,,,,690 mm (2 ft 3 1/4 in) 690 mm (2 ft 3 1/4 in),,,160 mm (6 1/4 in),,,,,,2500,27.78,,36.11,,,,,6.0,,15.0,,,,,1.96,3.08,,150.0
T-15,,,,,,,,,,,,,,,,,,,,,,,,,,,25.72,,46.3,,,,,12.0,,20.0,4.5,,,9.1,1.83,3.05,,
T-Hawk,,,,,,,559 mm (1 ft 10 in) (without pods) 559 mm (1 ft 10 in) (without pods) 597 mm (1 ft 11 1/2 in) (with pods) 597 mm (1 ft 11 1/2 in) (with pods),,,,,,,330 mm (1 ft 1 in),,"15 kt (27.8 km/h, 17.3 mph) (take-off/landing at 38°C and at S/L)",,,,,,,,,3000,0,10.29,,20.58,,,,7.62,0.67,,9.1,,,,2.3,,,10.0,
Tahion,,,,,,,,,,,,,,,,,,,,,,,,,,4000,21.09,,27.78,,,18.06,,2.0,,17.42,1.0,,,,0.61,1.8,,40.0
Talash 1,,,,,,,,,,,,,,,,,,,,,,,,,2745,,,,24.69,,,,,0.5,,12.0,,,,,1.7,2.64,,
Talash 2,,,,,,,,,,,,,,,,,,,,,,,,,2745,,,,33.44,,,,,0.5,,11.0,,,,,1.9,2.1,,
Talon 120,,,,,,,,,,,,,,,,,,,,,,,,,,2,,,,,,,,1.5,,7.3,1.1,,,,1.83,3.81,,12.8
Tarsis 25,,,,,,,890 mm (2 ft 11 in) 890 mm (2 ft 11 in),,,,,,,,,,,,,,,,,,4000,,27.78,,,,,,,8.0,,25.0,5.0,,,,2.5,4.0,,40.7
The Miss Traktor,,,,,,,780 mm (2 ft 6 3/4 in) 780 mm (2 ft 6 3/4 in),,11 m (36 ft 1 in) (with sleeve (with flare)),,,,,,,,,,,,,,,,2000,,30.35,10.55,,,,,,1.0,,14.5,,,,,1.9,2.84,,4.99
Tracker 120,,,,,,,,,,,,,,,,,,,,,,,,,2500,100,16.93,,,27.78,,,,1.5,,8.7,1.1,,,,1.54,3.3,,25.0
Trinity F90+,,,,,,,,,,,,,,,,,,,,,,,,,4500,,16.98,,,,,,,1.0,,5.0,,,,,1.48,2.394,,7.41
Trinity Pro,,,,,,,,,,,,,,,,,,,,,,,,,5500,,16.98,,,,,,,1.0,,5.75,1.0,,,,1.48,2.394,100.0,7.41
Trinity Tactical,,,,,,,,,,,,,,,,,,,,,,,,,5500,,16.98,,,,,,,1.0,,5.75,,,,,1.48,2.394,100.0,7.41
Tron F90+,,,,,,,,,,,,,,,,,,,,,,,,,,,18.01,,,,,,,1.0,,13.5,2.0,,,,,3.5,,100.0
Tucan,,,,,,,,,,,,,,,,,,,,,,,,,1500,,19.45,,79.22,,,,,1.5,,5.0,,,,,1.44,2.74,,25.0
UA-GAMMA,,,,,,,,,,,,,,,,,,,,,,,,,3000,1000,19.55,,44.24,,,,,6.0,,16.0,6.0,,,,1.8,2.98,,79.6
Vector,,,,,,,,,,,,,,,,,,,,,,,,,,,20.06,,,,,,,3.0,,8.5,,,,,1.63,2.8,,35.0
Veloce 15,,,,,,,,,,,,,,,,,,,,,,,,,,610,,,,20.58,,,,3.0,,17.0,,,,,,3.7,,14.8
Vrabac,,,,,,,,,,,,,,,,,,,,,,,,,,300,16.93,15.28,33.34,,,9.72,2.5,1.0,,9.0,1.5,,,5.5,1.94,2.8,10.0,
WARMATE,,,,,,,,,,,,,,,,,,,,,,,,,,100,13.89,,41.67,,,,,0.83,,5.3,1.4,,,,1.17,1.59,12.0,
X-Chimera,,,,,,,660 mm (2 ft 2 in) 660 mm (2 ft 2 in),,,,,,,,,,,,,,4.5 m (14 ft 9 1/4 in) 4.5 m (14 ft 9 1/4 in),,,,6000,4500,23.0,,,,,,,2.0,,25.0,6.0,,,,1.63,,,50.0
XC-25,,,,,,,660 mm (2 ft 2 in) 660 mm (2 ft 2 in),,,,,,,,,,,,,,4.5 m (14 ft 9 1/4 in) 4.5 m (14 ft 9 1/4 in),,,,6000,4500,23.0,,,,,,,6.0,,25.0,6.0,,,,1.63,,,50.0
Zonda,,,,,,,350 mm (1 ft 1 3/4 in) (provisional figure) 350 mm (1 ft 1 3/4 in) (provisional figure),,,,,,,,,,,,,,,,,,,,,,,,,,,2.0,,15.0,3.0,,,,1.2,2.8,,30.0
Zonda IIE,,,,,,,470 mm (1 ft 6 1/2 in) 470 mm (1 ft 6 1/2 in),,,,,,,,,,,,,,,,,,,,,,,,,,,2.0,,15.0,3.0,,,,1.7,2.8,,30.0
Zygo,,,,,,,400 mm (1 ft 3 3/4 in) 400 mm (1 ft 3 3/4 in),,,,,,,,,,,,,,,,,,4500,60,,13.89,27.78,,,,,2.0,,7.0,2.5,,,,1.94,3.0,,40.0
